id,pca1,pca2,k_means
1,0.028046852893932855,0.006837712420393037,1
2,-0.26073301236260144,-0.07608858733769837,1
3,-0.058756365790535156,0.0960610809265045,1
4,0.6582768805052559,-0.1989540795357754,0
5,0.25477898654701775,0.45261198011622866,1
6,0.2481295563155081,0.010982521642385994,0
7,-0.4968470890415357,0.11492927246524948,1
8,-0.09351405516381864,0.12439193430109466,1
9,0.014106916658373131,0.24525387654162556,1
10,0.5436867008862006,-0.09601480137988767,0
11,-0.3836285490547867,-0.056125429634762504,1
12,-0.2164542996323459,0.10270976074408669,1
13,-0.1469673189617826,-0.09366689145594173,1
14,0.2844673958661325,-0.015892550582595658,0
15,0.054785522391820295,0.21573223430868588,1
16,-0.40880846811212607,-0.16429861161906503,1
17,-0.23030750380901852,-0.0011303343625586146,1
18,0.7993833733376126,-0.3570003511472326,0
19,0.0781648394081945,0.42998939989214335,1
20,0.15481009383882058,-0.19666204320390052,0
21,-0.06036637087552765,0.27994440695095546,1
22,0.2856824979610696,-0.2704826012726411,0
23,-0.16973572974887763,0.32513785411891405,1
24,0.27388392084257746,-0.29361915565245755,0
25,0.295065558156223,-0.40129084452407615,0
26,-0.24093161596247173,-0.07494059614565854,1
27,-0.07047756338799993,0.2811213137942121,1
28,-0.412987749342391,-0.26128374090866135,1
29,-0.2586221964106918,0.0572679888748595,1
30,0.12392266387696568,-0.28266789943617315,0
31,-0.17672934197935528,0.010150708388280102,1
32,-0.3822058178033543,-0.21985119631565822,1
33,0.06475698090566867,0.1708522314868571,1
34,-0.21487985042593863,-0.07903132486157596,1
35,-0.08049605476140646,0.032095145181800545,1
36,0.9905207624294812,-0.4197636205387826,0
37,-0.3232372492931982,-0.10192046579009983,1
38,-0.14233738084832592,0.1177093337506232,1
39,-0.08157963071662079,0.36687757066171695,1
40,-0.2324475436102215,-0.005636328660588861,1
41,0.3626451294563706,0.02365254463242645,0
42,-0.21483987845858288,0.17609131659055208,1
43,0.05862047476816716,0.2696018946721435,1
44,-0.1542846840201508,0.27132987839290207,1
45,-0.2321313588153263,0.17112143248244152,1
46,0.10624382143376244,-0.11196184779569526,1
47,-0.022877271854145627,0.19220250497553187,1
48,-0.031438112407457135,0.14918013614898998,1
49,0.18586801850369833,0.1974309559179806,1
50,-0.02448601550358484,0.3477266810867575,1
51,-0.039124175582950005,0.2136465929120724,1
52,-0.1884024535530635,0.32386777734203226,1
53,-0.21868009225058085,-0.047928037353885934,1
54,0.4020035049284632,0.5139874078381654,0
55,0.01916892649980269,0.0018777306326960782,1
56,-0.3330928505826926,-0.10024353599851586,1
57,-0.4065370050753562,-0.11002669936952139,1
58,-0.16563408615601455,-0.08402294286438633,1
59,0.5494034587099498,0.31560692272748725,0
60,0.28943797211541233,0.15533545894528997,0
61,0.31486278697894765,0.297448045092567,0
62,0.08642000666413961,-0.04723590460985282,1
63,-0.040135284029781615,0.05965447046220851,1
64,0.4290753654903053,-0.22203904487420736,0
65,0.19475657051046255,-0.030912441536430968,0
66,-0.06093028245947007,0.3967812422245349,1
67,-0.28042453156302605,-0.2178108413692784,1
68,0.23913745854374488,0.17542896362206792,1
69,-0.21420617555938862,-0.0022313415480552457,1
70,0.595852638649923,-0.06025552632788326,0
71,0.7649783359365455,-0.15111559302938435,0
72,-0.143193236401819,-0.7410457145308793,1
73,-0.3574326239181625,0.00036132013882248843,1
74,0.22081698321348847,-0.5243935610833402,0
75,0.2045510880425332,-0.0527967687795659,0
76,-0.22905151919989072,-0.06740806010548135,1
77,0.09335056352177011,0.352390047630153,1
78,-0.6142300806450673,-0.38744017140861997,1
79,-0.1806765596788157,-0.12818998126133893,1
80,0.014791837676350363,0.21319706884605863,1
81,0.08828386777509045,0.17691179003350951,1
82,0.04156871284459428,0.035864638979658484,1
83,-0.09384345894276175,0.02004770507630217,1
84,-0.2065196208774928,-0.01106401379637745,1
85,-0.14288813383888113,0.4258873454946069,1
86,0.20810493913559316,0.3452659947849948,1
87,0.03360897899493828,-0.020583020686250432,1
88,-0.22758565026961391,-0.14540635763702464,1
89,-0.2745016536407979,-0.16534638458613748,1
90,-0.07152891342802148,-0.19392496216664815,1
91,-0.16292922194938905,-0.015187346646782115,1
92,0.014150101536639892,0.06693912143542839,1
93,-0.4156719955075875,0.150463013660386,1
94,-0.13646607088920218,0.37280563850717774,1
95,0.656384758397627,0.03643710528198109,0
96,0.5799294366752118,-0.3001614044853202,0
97,-0.18126172681146838,-0.2649967262258087,1
98,0.10739759209181629,-0.3322877646682602,0
99,0.15068087361511995,0.4828909358811312,1
100,-0.027127129193835222,-0.3323607946788857,1
101,-0.30441193406759526,0.13949049686498183,1
102,0.13111242871159423,-0.3900508597769286,0
103,0.19122410787715366,-0.1800254773466528,0
104,-0.7020366155262379,-0.39688493556624016,1
105,-0.14192401878845598,-0.09989948139872235,1
106,0.16078429484200568,0.13721637162220662,1
107,-0.22700679691552592,-0.524062046118907,1
108,-0.35111480445042476,-0.33920337865669375,1
109,-0.03770156417116901,0.20074363672678414,1
110,0.2545607601047711,-0.21490731709409513,0
111,-0.416698696845156,0.09043674228384521,1
112,-0.3149332857990305,-0.37713436477703516,1
113,0.03782456038590864,0.17608807123550366,1
114,-0.3138869103644788,0.02870142395874901,1
115,-0.39529414393083145,0.10504701113106295,1
116,0.46923380745187837,-0.1437892910360044,0
117,0.18517158869334213,0.2890367951988281,1
118,-0.48697767138123554,-0.05768558115470453,1
119,-0.318074641341408,-0.16628696404717094,1
120,0.05148458077550704,0.4114645584841995,1
121,-0.26938191437654013,-0.0352775147343989,1
122,-0.0057676180533726955,0.09196056866209734,1
123,-0.11042659411413612,0.14459565328353635,1
124,0.4505266079046829,-0.36182859311834764,0
125,0.9603268553809668,-0.08687301864686733,0
126,0.6258515671968914,-0.3745233022052865,0
127,0.09678498277379646,-0.41996920594823833,0
128,-0.14564324029413145,-0.3408483777646721,1
129,-0.06317843720171494,0.030232123410326054,1
130,-0.17199474517032634,0.033141620869996946,1
131,-0.02189339230701796,0.19007555212760927,1
132,-0.017032950513703196,-0.6508594568753541,0
133,0.3723109554927877,0.32128627879253013,0
134,0.20641521205968222,-0.20552277707017214,0
135,-0.2460056296688764,-0.28797706873830775,1
136,-0.3082059363357085,0.0474080284652715,1
137,-0.27278679578006393,-0.03830658220193375,1
138,-0.4089305357064847,0.050199068612208256,1
139,0.2754783565636383,0.6949683591760998,1
140,0.0072769110261018104,0.020018620084040924,1
141,-0.02914980372947009,0.13980541876741037,1
142,-0.28802972158649226,0.3148463504064596,1
143,0.22331130141395342,0.5275177243954187,1
144,-0.11489507950794187,0.34724886453851295,1
145,-0.11213861367910943,-0.3868739239074248,1
146,-0.2597989423085061,-0.12814681497730662,1
147,-0.2373690742635508,0.03416492118699959,1
148,-0.04243799395773374,0.271847300109791,1
149,-0.15804576623437513,-0.15982736594694213,1
150,-0.28567955115710664,-0.10267902900035451,1
151,-0.29159051307770034,-0.2301730047150907,1
152,-0.04562221151058755,-0.34177620235333284,1
153,0.15039693663374365,0.1512481172260991,1
154,0.3265360242894296,-0.1935852465934066,0
155,0.0027806990234741096,0.009916219005620541,1
156,-0.06335190121936084,0.04525778586728856,1
157,0.07231943332399372,-0.09094149741087672,1
158,-0.06299903993568953,0.5068273985559443,1
159,-0.04632751105448885,0.3488724144518759,1
160,0.022190886073329863,-0.2939824823186163,1
161,-0.4457034306031124,-0.2012581971986583,1
162,-0.025945163701112467,0.1385704636200316,1
163,-0.0523039335706937,0.21230100401509167,1
164,-0.12183625625877906,0.058215369792230555,1
165,0.8471552202041338,-0.28767785325726464,0
166,-0.20001472471999,0.5299766494143556,1
167,0.18203726202856138,-0.031956674909814804,1
168,-0.051695944803933205,-0.028935433719614052,1
169,-0.29529437734640535,0.16021233791665943,1
170,-0.05829378233646516,-0.321579721711245,1
171,-0.31911909916085857,0.237377698343045,1
172,-0.5257285838037029,-0.21915691305849466,1
173,-0.010021657463913673,0.3823367108777391,1
174,-0.05668797178998223,-0.1444783584837509,1
175,-0.33183117344921814,-0.20400492467525158,1
176,-0.10485611751763112,0.31670371166852035,1
177,-0.4019657404655508,-0.2096088041078611,1
178,-0.08484444114499205,0.13137865761596945,1
179,0.40401817461448464,-0.025598232180175026,0
180,-0.14547803655298597,0.02004893073282313,1
181,0.182964282427886,-0.09364185152809934,0
182,-0.06227985379841298,-0.22161652593510844,1
183,-0.34528749813853526,-0.21125981607958028,1
184,-0.3403305628695645,0.06950624149876915,1
185,-0.15210070099660047,-0.12507412274988003,1
186,-0.029564537890557133,0.245201273736551,1
187,-0.021474478195589824,0.3801153456096421,1
188,0.3320338149746426,0.3003221136351221,0
189,0.021154671372473604,-0.35488287435109467,1
190,-0.2689402445613644,0.23085806963988395,1
191,-0.09098266663308688,0.1212157049163644,1
192,-0.29655193566055604,0.21882957068572617,1
193,0.036552237134977114,-0.26165794288094435,1
194,0.63470005573968,-0.22328399170953178,0
195,0.13879998127471335,0.10673785863228774,1
196,-0.1591620034772982,-0.45798260924489115,1
197,0.39954383766972296,-0.6278346905682837,0
198,-0.4024032141012804,0.16033868155413988,1
199,-0.3255663567601485,0.04361244069139934,1
200,0.09108158705325452,-0.08556186834491059,1
201,-0.38461089949416394,0.03655961172334464,1
202,-0.06765722236565248,0.23055803323081694,1
203,-0.29998092064528553,0.10271616406124946,1
204,0.06203164094311872,0.2503503602137354,1
205,-0.1676148859432638,-0.1596938243781141,1
206,-0.022693270170398138,-0.23933340296011796,1
207,-0.11456595971607342,0.22549886340009884,1
208,-0.4272929392775652,-0.16647102015137258,1
209,-0.2728582617492934,0.3859951440481252,1
210,0.3772215754173449,-0.053013613649580994,0
211,0.042212131261940636,0.2183053463527848,1
212,-0.3986447628615486,-0.37257725150782156,1
213,-0.419482907615668,0.04564793659218644,1
214,0.21987780173924742,-0.1128125119992178,0
215,-0.1611241851752315,-0.2791692575462131,1
216,0.6739106676486528,-0.035342947653083316,0
217,-0.44897521385529254,-0.096912351923365,1
218,-0.08033208054911298,0.14202188763588408,1
219,0.004483041089064341,0.35880330610772576,1
220,-0.24312422873576198,0.2833262208373955,1
221,-0.0723770992664012,0.022341460711728652,1
222,-0.1752694710553336,-0.28681385441014745,1
223,-0.07821658753329391,0.11711612652064558,1
224,0.6700824367883821,-0.1595925871256292,0
225,0.301273912708645,0.0028180772918507705,0
226,0.3514634428565653,-0.19640588182691068,0
227,0.12025073073983635,0.2941767818674885,1
228,-0.3022900095056051,-0.1279329642450144,1
229,-0.3080006400074388,-0.05812808466885647,1
230,-0.018726785083130262,-0.24976351355239798,1
231,-0.12074289379351891,0.19771879440399423,1
232,-0.4055801877508171,-0.12377675015850023,1
233,-0.47701400567544905,-0.2027511311598507,1
234,-0.08527524184748268,-0.39598829692660653,1
235,-0.2667924923560568,-0.06038164018523698,1
236,-0.17702885791335027,-0.10906646505340548,1
237,-0.05180358984544684,-0.18575919545636088,1
238,-0.13737010144285472,0.04382869238566275,1
239,-0.24556023909952318,-0.084018892158179,1
240,-0.19734262482767279,0.17351877122280318,1
241,-0.4184874742030153,-0.031068232340359804,1
242,0.5070704885311027,-0.11201475216769499,0
243,0.059870989789789796,0.2055347241901336,1
244,-0.006304824741230111,0.04470483409750761,1
245,-0.23434211097555638,0.2059544936654401,1
246,-0.3834800997209247,-0.1701315248748457,1
247,-0.39787298892927886,-0.04349084568709546,1
248,-0.29015595488630413,0.06357748023111173,1
249,0.16018550088542743,-0.0563303354339427,0
250,-0.12358697325274699,0.0845235538300722,1
251,-0.6108349328279925,-0.20815123491235682,1
252,0.0503344642937837,-0.3579536647967545,0
253,-0.15301691385323096,0.4319841604235951,1
254,-0.2412142226512212,-0.14122516710154487,1
255,-0.09067687763590067,-0.728983661092242,1
256,-0.02600477137893327,0.21812878618654863,1
257,-0.14288053664278122,0.02059279419858521,1
258,-0.44181640337259126,0.22873672477706758,1
259,-0.14631649919782352,-0.04252874610354994,1
260,-0.2101278048453498,0.058884626630960495,1
261,-0.3894175394069999,-0.27404737708855764,1
262,-0.5145880234348043,-0.3919086820549522,1
263,-0.5249126670558737,-0.019679322815731,1
264,-0.3967945584332754,0.16886921649330894,1
265,0.03622991802054773,-0.2517236192608639,1
266,0.5335790966328221,0.15534031181026178,0
267,-0.31357567901136885,-0.1302359491347028,1
268,0.012560092536724755,0.13747489907132934,1
269,-0.021113661484934258,0.024642087009601327,1
270,-0.1857608061390024,0.10652218272498493,1
271,0.27828304196580633,-0.3846884110904723,0
272,0.07573400514295946,0.02022890435549581,1
273,0.09197758292094237,0.20551397676818917,1
274,-0.5681026560951475,-0.2012594767003411,1
275,-0.28654284478145414,0.3007679436890491,1
276,-0.47448647894576934,-0.11682860755987015,1
277,-0.01835140482767019,0.2753843887897136,1
278,-0.3672159606810163,-0.15728331458557557,1
279,-0.2654248864694904,0.04006914369146484,1
280,-0.2551402421400199,0.287304411100219,1
281,0.1696577132428316,-0.08519278272037903,0
282,-0.16973054022833065,-0.0580026295652822,1
283,0.22026529253645558,0.4386133928399497,1
284,0.5839420321832272,-0.07132887492904333,0
285,-0.018180825314915054,0.05088309060960332,1
286,0.015380634709682315,-0.018525700690716126,1
287,-0.2694107291447048,0.009447871057981483,1
288,0.5455814898064666,-0.18716968267376902,0
289,0.20303029659021993,0.5014522408402696,1
290,0.9596809245541655,-0.29695454504839963,0
291,-0.06015353337545397,0.3844363747896124,1
292,0.06067267383503789,-0.25845429714268225,1
293,-0.03946413585176015,0.41372082174541736,1
294,0.22424610602305192,-0.22412343354672357,0
295,-0.08817730975160334,0.04309432404493809,1
296,0.418746269458885,0.45921310088357986,0
297,0.13331620179514986,-0.05721563773198683,0
298,0.13924642566705211,-0.1701867274351683,0
299,0.20310889985031572,0.12202248681140877,1
300,0.35986808758016553,0.02538674775974559,0
301,0.1403577980468374,-0.21916244587829278,0
302,-0.3116059987998321,-0.09776847800115665,1
303,0.0036625489277315533,0.15165550805770125,1
304,0.09133795654690778,0.08857627064384897,1
305,-0.2530335578112512,0.14516895615540862,1
306,-0.04922145289888223,0.42712466362913165,1
307,-0.009502271630661687,0.22550175721374713,1
308,0.07572693202797083,-0.10616550658719642,1
309,0.04999605795666052,0.34015847836793256,1
310,0.11568379939432571,0.5092198192671268,1
311,-0.011604009494897819,-0.48719555657903213,1
312,-0.34662054413930504,0.23567313687702227,1
313,0.08289515457009042,-0.04038215793260533,1
314,0.8263061934694911,-0.20238130919096262,0
315,0.05592694347878818,0.053767703208703596,1
316,0.09882657586966113,-0.1477478187070672,1
317,-0.1455332175508714,0.621791538486152,1
318,0.006141588176547922,0.5289930263928065,1
319,-0.01814062431400645,0.46016182647339027,1
320,-0.15760664902834995,0.027838211315820847,1
321,0.0993854369226896,0.29543877720582473,1
322,0.18980922299591735,-0.1246422676378439,0
323,0.8226723709179967,-0.20512033011544956,0
324,0.3996257595443805,0.01054407088393277,0
325,0.498439987761408,0.42476269943202427,0
326,0.6666999293840661,-0.45921303182758233,0
327,0.12059648248138473,-0.02097354832955194,1
328,0.4658160775109117,-0.3027193878211183,0
329,-0.06782057574859847,0.21241638715977335,1
330,-0.27708642574861087,-0.14965937896998077,1
331,0.41631610369631017,0.11685368455150948,0
332,0.023042623874339606,0.18274063097503057,1
333,0.9069548636531479,-0.29414158619797776,0
334,-0.03822314572189399,0.28456386482510604,1
335,0.1263835435822985,0.3185544778968058,1
336,-0.09280475343309395,0.0606528785605164,1
337,-0.05688963061435046,-0.015231774517810772,1
338,0.4578362597425923,0.12700372658797912,0
339,-0.06178070324626627,0.07942603194751176,1
340,0.13921710699060014,0.20652478087783835,1
341,0.2775645924875399,-0.08037268252087616,0
342,0.5939306441554913,-0.23130582498768748,0
343,-0.35435767124827244,-0.010349594990539952,1
344,-0.1307007290876708,-0.3124218922885917,1
345,0.3849884168367168,-0.20450966568215062,0
346,-0.2026502718850394,0.05913702336835169,1
347,-0.06312729551471699,0.4357730838750759,1
348,-0.12100364794149286,0.30124018153346527,1
349,0.18013397948266366,0.26005720492645734,1
350,0.37508572229770715,-0.339781254080189,0
351,0.28339206454934096,0.18590523928468683,0
352,0.26178432668481627,0.6872473697842726,1
353,0.04330540581931672,0.24184973435174095,1
354,0.133256933821943,-0.335605660176168,0
355,0.3206073990180936,-0.06466626529145701,0
356,0.647549454605174,-0.21841273858021149,0
357,0.19568560849410813,0.2194710661626326,1
358,0.8357164259951596,-0.08849838429468025,0
359,0.3810351311284894,0.03703455593373947,0
360,-0.2484024779315078,-0.4138676045457931,1
361,0.24218510179708036,0.11134591916268473,0
362,0.9475684800930989,-0.11372937324232829,0
363,-0.09911459737137222,-0.43000913593654916,1
364,0.14163775396923114,0.3032741766409847,1
365,-0.2602023174037509,0.10336421310122244,1
366,0.7584796670323416,0.34684747357501905,0
367,0.6814769360570156,0.3542794664076101,0
368,0.3082151550978177,0.32987085468895355,0
369,0.19468680525694565,0.4194593228704252,1
370,0.1827171509602717,0.1858065347182219,0
371,0.7524638793442039,-0.5018868747152526,0
372,0.1842830434819763,0.07579142103641828,0
373,0.06997967534509107,-0.15138089038443822,1
374,0.8820386371287111,-0.37633629135692176,0
375,0.10180112266278542,0.5935617881824466,1
376,-0.23194306381745583,0.20914900428599884,1
377,0.012252283654755572,0.13579504878750426,1
378,0.42049707120151514,-0.12046999451404333,0
379,0.9029984293231584,-0.04807157832020112,0
380,0.37581784149485614,0.35187919375910803,0
381,0.3342297205302905,0.15572473142767893,0
382,0.35483393380154404,-0.6488310330342744,0
383,-6.91327821065919e-05,0.39267746537818654,1
384,0.62733047778459,-0.1886585263370236,0
385,-0.11110047260998368,0.23400055064825973,1
386,-0.025575004526454777,0.2619913705761364,1
387,0.2008995992479683,0.23755679746500225,1
388,-0.0077847112671848755,-0.05296515831178112,1
389,-0.18373165760901478,0.07532903860262652,1
390,-0.20032547894796096,-0.7165256764227764,1
391,0.23181758985948983,0.127034756667886,1
392,0.10253980712038673,0.3659450338902733,1
393,-0.11964755311330887,0.35753791230550946,1
394,-0.13022151141130192,0.46885497925381386,1
395,0.10278112106732193,0.401415056595535,1
396,0.27674385239237065,-0.12109181689418258,0
397,0.3221463766713867,0.6413674433786501,1
398,0.5794752254993499,-0.259781360940811,0
399,0.6406160241069361,-0.04899406125520072,0
400,0.4599136210248392,0.2415435380266202,0
401,0.5493605638795014,0.4165272899481091,0
402,-0.038872995370876885,0.10886825022376527,1
403,0.213466995074342,-0.1899765413834624,0
404,0.18978959646462942,-0.3315246487561378,0
405,0.10172005916165475,-0.328356925228949,0
406,0.13598036238830227,0.48140541957823946,1
407,0.19715706907891825,0.3236658128008215,1
408,0.03393727652636597,0.22887041287718404,1
409,-0.039234788897859856,-0.11446186267595104,1
410,0.28708087259189774,-0.10514966546905519,0
411,-0.46159489037502605,0.2302504824465418,1
412,-0.13523072861149432,0.30324826679898126,1
413,0.12262350021356463,-0.27498912858389446,0
414,0.2345567118703738,0.14749922183259123,0
415,0.03964721328996451,-0.18128124124616163,1
416,-0.19065313973862139,-0.11792558941625217,1
417,0.5175738283357577,-0.022354230334276807,0
418,0.21010825405804728,-0.11898801919230736,0
419,-0.21987219740276157,0.12409352320696462,1
420,-0.013820173432377732,-0.13148624554337351,1
421,-0.17727219314947332,-0.49575848643157927,1
422,0.22872803673559727,0.00870228237314788,0
423,0.2965265070356715,-0.013177382230637606,0
424,0.12828020486302477,0.1253765988634774,1
425,0.20750747110911905,0.035851657314721376,0
426,-0.014628128315612646,0.0954428424974187,1
427,0.6269809468928721,-0.25964705410708666,0
428,0.5416451821163084,0.048019208970118334,0
429,-0.004426450243056747,0.007667973448802487,1
430,0.031242412900350874,0.002394027907685357,1
431,-0.2805316062076981,0.22109649259798447,1
432,0.2873264406452164,0.2125168354662707,0
433,0.5050610948145813,-0.288797200451572,0
434,0.261083587525811,0.4201343965089636,1
435,0.11910025896644989,0.18680849848369924,1
436,-0.2603150169089185,-0.4253760511676719,1
437,0.09003426295444643,-0.22140324699945257,0
438,1.7490736221768008,-0.6616791282112877,0
439,-0.46478724081769757,-0.06879195698559971,1
440,-0.32372874486015535,-0.10974990313982792,1
441,0.3575839845897544,-0.220821545692451,0
442,0.5378221797114177,-0.3772117294106081,0
443,0.35363004353549615,0.09963426718608176,0
444,0.04328948429221088,0.004082303796847929,1
445,-0.08066399433463423,-0.007603990634142612,1
446,-0.17189792949402982,0.14211845558315678,1
447,0.3232053472839232,-0.13936543856249878,0
448,0.5650891772650365,-0.08820021488331924,0
449,0.3060168928234236,-0.11088626269128309,0
450,-0.042836010435690075,-0.21436482445381966,1
451,-0.154812862475077,0.18989694902196505,1
452,-0.07627005395732604,-0.2172009077658044,1
453,0.39596970804254167,-0.2107702470422227,0
454,0.4980878737887725,0.007995741305244806,0
455,0.5613896674767326,-0.24099921609757863,0
456,-0.1465307711744,0.4439746646161627,1
457,0.21642696204215697,-0.24969895685558305,0
458,0.2271341722174927,0.10489194862013827,0
459,0.1972308093760962,0.6411093976119063,1
460,-0.10092535602411497,0.22118687668524506,1
461,-0.09645662237303604,-0.2327072794862759,1
462,0.740933184174806,-0.19891459392317118,0
463,-0.34966392357593906,-0.31140899124803834,1
464,0.10554984558615152,-0.21044081264503084,0
465,0.558914751196047,-0.17652836357315732,0
466,-0.28024444871670195,-0.03512955122937631,1
467,0.7171834217850627,-0.12888698367998772,0
468,0.8424422535171542,-0.1784814032882361,0
469,0.09404836062217961,0.07529932114257508,1
470,0.5181367281966816,-0.053854567092080426,0
471,0.3464008411173037,-0.22021878188476834,0
472,-0.02684568569369607,-0.2683741683952373,1
473,-0.41261176606658717,-0.020316471853014096,1
474,0.3274314718593816,-0.3018698110136964,0
475,0.47785651854429384,-0.27200540918336397,0
476,0.1342881065037191,0.04502989833370773,1
477,0.4507203775817973,-0.12824626563350083,0
478,-0.2986105745983968,0.1566620857090143,1
479,0.36248241235279594,0.0957722121391278,0
480,0.0862637824927729,0.08603790409386784,1
481,0.4830484338631767,-0.07962499208992901,0
482,-0.04930449743943188,0.2892307303633528,1
483,-0.038474202694581974,-0.04607614608127781,1
484,1.2078975544438626,-0.33351727510021617,0
485,0.3831770599732508,0.12092143772745632,0
486,0.5998417042016678,-0.1682414217738795,0
487,0.04979451334618016,0.15833038938324384,1
488,0.1682084748803495,0.13510921518399993,1
489,-0.09111047850473804,-0.1905354332415041,1
490,0.2189051384596975,0.07200947409395522,0
491,0.5368098035893571,-0.04129207939716722,0
492,0.12225068699918568,0.04573254223724008,1
493,-0.11073884139039848,0.17480919191245053,1
494,0.19142474802933324,0.08482789238619229,0
495,0.018892294343037557,-0.1962867722592833,1
496,0.4428339976357812,-0.2283755183542805,0
497,0.009056328124580085,-0.15819620907139662,1
498,0.6014940321082877,-0.05107550116178849,0
499,-0.04889827284231954,0.1156138783386253,1
500,0.24558841727303435,-0.10822072253569565,0
501,0.07510978646839037,0.11537421825218534,1
502,0.24565993110068512,-0.16973847332699488,0
503,0.3285013219333672,-0.3721681576161218,0
504,0.6893140751891601,-0.23827364803101722,0
505,0.17209379478589673,0.44510585592256985,1
506,0.07600222305315389,0.14832881776584853,1
507,0.054896249844873776,-0.045498171943217945,1
508,0.38500240552573295,0.272575131868322,0
509,-0.10947400578084848,0.091310809191807,1
510,0.23432834400611233,-0.4143750281433229,0
511,0.7562779849689053,-0.4791049955010461,0
512,0.21428607841906186,-0.4933393444531402,0
513,0.3738859858118668,-0.43093323693157226,0
514,0.1918334057206065,-7.825525023944294e-05,1
515,0.7927888004595453,-0.17640498205017605,0
516,0.37106935286729753,-0.024786550575647437,0
517,-0.16720116683299668,0.003317033289613539,1
518,1.3026952225602806,-0.2575878483098992,0
519,0.0012532492994275436,0.120603683757274,1
520,-0.00831219346752117,-0.10239935073042988,1
521,-0.15508482738712606,0.2565552023987358,1
522,0.19227804771195336,-0.1983110709991327,0
523,-0.007118688286488713,0.2705655957184449,1
524,-0.16314630899239124,-0.11204409915572207,1
525,0.3361119866009053,-0.16924320018481048,0
526,-0.058519680095237406,0.05845341618393043,1
527,0.2865029135918239,-0.5224668855621022,0
528,-0.29161187432737423,0.04619487523476093,1
529,0.09070956031205543,-0.6299050419433254,0
530,0.2753981406020062,0.3826871460858607,0
531,-0.06585232184118162,0.03124424078221776,1
532,0.2676261505286475,-0.03686315533810236,0
533,0.9273474363758258,-0.3851142007205115,0
534,-0.14578089538385924,-0.30977144240282206,1
535,0.31582111385668604,0.4401489039664057,1
536,0.3122398680181701,-0.5005678626614567,0
537,0.17571742898065493,0.6589641623282104,1
538,0.14487642039113865,0.22130725976862298,1
539,-0.38603633445772184,-0.23457676636550764,1
540,-0.09961472792177746,-0.09436960195538927,1
541,-0.048246403555162576,-0.20181469132051036,1
542,0.38516780922137467,0.1287956718061093,0
543,0.44114857028528187,-0.4606025708939056,0
544,-0.3539091864800427,-0.1363265123176234,1
545,0.5930569190388386,-0.30193882657830323,0
546,-0.31413101698726215,0.22588672969349655,1
547,-0.09183397286503787,-0.15552543520933373,1
548,-0.0183900251893711,0.3287651349569102,1
549,-0.0384154253987477,0.1342387245748978,1
550,-0.07238815433292133,0.1399200136515558,1
551,0.1390699992748435,0.13613959705159276,1
552,0.17729662989343598,0.49607507970686276,1
553,0.07563987113946918,0.07891130704104976,1
554,-0.08566949767809111,-0.05998236815403493,1
555,0.7307289866195313,-0.14868086863104876,0
556,0.6900705369620985,0.18522780539826325,0
557,-0.346249714528375,-0.16132435474201662,1
558,-0.3755992486449227,-0.3609895277510461,1
559,0.19609993148412633,0.17620775795480512,1
560,-0.20887383049411917,0.07106806217704062,1
561,0.4910310024011991,-0.11475071562992925,0
562,-0.388684999001971,-0.222058161787679,1
563,-0.2027915311020149,-0.31756872150228893,1
564,0.0725221176598332,0.25053782764584503,1
565,0.10587112751513708,0.06662902941969374,1
566,0.18199809146627116,0.1787153820966742,1
567,0.18000475980465802,-0.12827229639575513,0
568,0.513680691307525,0.06511978938383169,0
569,-0.07033635006991044,-0.141727312354876,1
570,0.26999929278688395,-0.3129088698500958,0
571,0.2828282535378565,-0.11810516116194457,0
572,-0.0033082897723259045,-0.23424726111668695,1
573,-0.04236020584500879,0.0356567121902067,1
574,-0.13100109252163153,-0.06683433232073024,1
575,-0.4629393936701195,-0.3728351474682904,1
576,-0.11072796024683493,0.1245322353854374,1
577,-0.25044749919687037,-0.07156548939654576,1
578,-0.004833908532487508,0.5973137755204752,1
579,0.26716680079968336,-0.4227178703341835,0
580,0.29758223124420136,0.12309544637370778,0
581,-0.05474368747073682,0.23556147473241637,1
582,0.3185036360403559,-0.020702216628370008,0
583,0.03128449555394894,0.2771963824114647,1
584,-0.08516567312490919,-0.43105190788021597,1
585,0.7395098224395928,-0.17813932039862337,0
586,0.11287956732995488,-0.07955613858679803,1
587,-0.10443597010486742,-0.23220554906554663,1
588,0.3334158444247897,0.8991015068689636,1
589,0.17736686461164292,-0.05883380940904393,0
590,-0.2657786250809354,0.009446817087700145,1
591,0.16560118347278416,0.03404403378667109,1
592,0.36437108684927644,-0.13913609396605628,0
593,0.22082119338740044,0.45017668771879166,1
594,-0.4031162359566985,-0.04686815054741545,1
595,-0.029735691698574807,0.34639015632506537,1
596,-0.2768677764152665,-0.08748978020434117,1
597,-0.3035130490123714,0.22477621536168654,1
598,0.256703598908111,-0.10244384212909445,0
599,0.04384743337480248,0.3095843613029922,1
600,0.10584453965144965,0.10635550230768487,1
601,0.11926428683026682,0.3396845785781462,1
602,1.1874770098331864,-0.1891407274205089,0
603,0.21369062713842407,0.5551509000530899,1
604,0.32162534831383494,0.1617232465008098,0
605,-0.1775266234948463,-0.27965122060560643,1
606,-0.36102558941671536,-0.0714070661557955,1
607,-0.34410522369380797,-0.18398633002647663,1
608,-0.018150665970945678,0.19340461304727935,1
609,0.6250589817673108,0.018937566957007095,0
610,-0.25016107557561956,0.10372812978101181,1
611,-0.2749264527260888,0.04273747101723912,1
612,-0.011478975532669366,0.3267263129904176,1
613,0.46249307032292963,0.12564021577789644,0
614,0.018845028348943107,0.12667928078056637,1
615,0.01670520771247845,0.1363170963625989,1
616,-0.31701929642195575,0.07808491707424874,1
617,-0.024833530098418297,0.27993074930744655,1
618,-0.2367075255883484,-0.17277875939665563,1
619,-0.0450133949190565,0.181522323662372,1
620,-0.0062966100463427615,0.3949041804065056,1
621,-0.14323887526903079,-0.016215767062110257,1
622,-0.03846470438737464,-0.12335273868277458,1
623,0.39332941034102453,0.07478648921300678,0
624,0.39857510524119444,0.1727107059975494,0
625,-0.2080707993727345,-0.08227568979139112,1
626,-0.1105707481570176,0.37813787813502203,1
627,-0.20146472733125517,-0.19369379783624444,1
628,-0.39439795573606373,-0.2948148124135577,1
629,-0.1790614146719106,0.17144683202861624,1
630,0.06828409560208122,-0.3019409340281029,0
631,-0.5556201093934513,-0.12805100868161892,1
632,-0.16577002398002902,-0.022498026992575613,1
633,-0.42914969217526966,-0.25323512960773975,1
634,-0.35993524912148994,-0.005733932879552435,1
635,-0.2556373494096459,0.12927311800755756,1
636,-0.1879989067527994,-0.13498967048049393,1
637,-0.15334056602042556,0.2078649376560719,1
638,0.34847975270521503,-0.2154168857238001,0
639,-0.1481802898925252,0.19911049700079178,1
640,-0.18058886307493602,-0.00023749865138069317,1
641,-0.165769194652789,-0.23444116407345422,1
642,-0.2972388888206816,0.08962717565413553,1
643,-0.488209050548431,0.03380257869886227,1
644,-0.049570597547583466,0.2525245854368028,1
645,0.004705704033486896,0.27679012169485956,1
646,-0.5550305666020136,-0.3702271451058147,1
647,-0.37328899136514115,0.15789392365192229,1
648,-0.15891266310626773,-0.009146841398335402,1
649,0.2091483908134944,0.18004531973010815,0
650,-0.3915019323570082,-0.30661707060271937,1
651,0.26240201835782223,-0.04208204037329382,0
652,-0.21512093125688925,0.14610018572198527,1
653,-0.4226178230969056,-0.22335485785622605,1
654,-0.26723683085452155,0.16301522740399316,1
655,-0.04399748401781364,0.2166077688507894,1
656,-0.6741791426877133,-0.22939974753893977,1
657,-0.3144034297456847,-0.4521580181052574,1
658,-0.18412786988819435,0.07851224480665508,1
659,0.00687164419059604,0.26494577715463413,1
660,-0.3076667540372553,-0.0568627201842487,1
661,-0.47030617471765623,-0.27479345991883247,1
662,0.17010986524700702,-0.14924147804367008,0
663,-0.07874068313889235,0.054032920071846145,1
664,-0.13094558727981506,-0.03143360908623055,1
665,-0.0272223886088188,0.08787442526245598,1
666,-0.17913524686142307,0.051610900031978366,1
667,-0.06445980655317489,0.2752343109559528,1
668,-0.043989831473302994,0.2993912321642323,1
669,0.1406097621555393,0.252775371312475,1
670,-0.14135230565842113,0.34375132011047166,1
671,0.021572363858256186,0.5659769606584539,1
672,-0.03618695508875365,0.4058609219059586,1
673,-0.2811963304081877,0.1807972779406306,1
674,-0.1912034729684624,-0.4498302725158042,1
675,0.005252432532996383,0.20321976219740592,1
676,0.027979647986504173,0.16997427360472595,1
677,-0.020041275681047924,-0.2066587878719033,1
678,-0.1188348140326639,0.3924291703433593,1
679,-0.4458046516057269,-0.006341178682377248,1
680,-0.09202624902205644,0.20744148966401593,1
681,0.011429414148710843,0.23731201242806302,1
682,-0.5520903219090924,-0.33486165643236593,1
683,-0.3120864597732481,0.02138037915430383,1
684,-0.18578926222177614,0.17083758484423384,1
685,-0.4228000014168223,-0.11335014717410835,1
686,-0.0989148711020756,-0.18826431446373545,1
687,-0.33329957828923756,-0.05357561720583031,1
688,-0.05962837309746671,0.44253432909403295,1
689,-0.15896494596305982,0.15438678865205244,1
690,-0.19680512371501557,0.2467063226457456,1
691,-0.36188121010480395,0.0011930181969822212,1
692,-0.589444900092688,-0.279293880017064,1
693,-0.2387271947770402,-0.011933780583834624,1
694,-0.5649126583514044,-0.3385237504395562,1
695,-0.26377075441541636,-0.0925936501102206,1
696,0.11751761869232043,0.7030554728609291,1
697,-0.260602899948645,0.133872209126387,1
698,0.08843284293748988,0.5193121554187755,1
699,0.00022214662443102582,0.1315569927232933,1
700,-0.12541312402151883,0.4022522442341093,1
701,0.002048521282526906,0.12396324989502062,1
702,0.05852014174140289,0.17631403301321266,1
703,0.01853202989308731,0.7664006395213908,1
704,-0.4423839918486321,-0.3539521697659625,1
705,0.003141962285525602,-0.09308828895594867,1
706,-0.24690119687715076,-0.024469242892256625,1
707,-0.21716916816904264,0.04241947300038981,1
708,0.3557496885920554,-0.17971034917749898,0
709,0.04606429386774034,0.08871738043478451,1
710,-0.13758522856029365,0.5259761449200838,1
711,0.1830469145612642,0.347224213923298,1
712,-0.21412972345478537,-0.07223337890626139,1
713,0.16056712875450851,0.5512609875571416,1
714,-0.02113875227955016,0.2988153925856604,1
715,0.29535865663927874,0.5175228520287265,1
716,0.4221071132855608,-0.002641824762056617,0
717,-0.1158122461642741,0.4980789870524479,1
718,-0.14859242895757788,0.054364823980243705,1
719,0.031579399014474124,0.42243758227185896,1
720,-0.14880792553225586,0.13139956799568095,1
721,-0.08433829911027885,-0.1399492695492178,1
722,-0.23818614960807322,-0.10631977577356903,1
723,-0.09201066984259637,0.4573935443826429,1
724,-0.13037790719369222,0.301295973699101,1
725,-0.09848749107790128,0.15736811191469174,1
726,-0.18307948828999646,0.08371404972757696,1
727,-0.0039273478785721,0.2025565701693713,1
728,-0.2553728582881315,-0.030598136954987497,1
729,0.012200170056130935,0.3391979405368617,1
730,0.0012514445023018535,0.11873922946781573,1
731,0.33542289342313,0.5935421483157493,1
732,-0.44559364413500063,-0.2725148763229125,1
733,0.030265507974425197,-0.0367385666370788,1
734,-0.19760171249386602,-0.16931691196506715,1
735,0.052170433901391436,0.3395172658557833,1
736,-0.1545871964632643,-0.052996301589766155,1
737,0.09902132363221544,0.395916831372378,1
738,-0.5455644055182584,-0.08108488344413249,1
739,-0.08447611525988316,0.24179229533711463,1
740,0.5483496925531625,0.2563002534732351,0
741,-0.07030479880701475,0.038823873956301234,1
742,-0.461308748025927,-0.36066694829137197,1
743,-0.1376074274086668,-0.047564586207731525,1
744,-0.016999606613653462,0.30633647078611087,1
745,0.16499631544919932,0.11529734895035977,1
746,0.4721371036401337,-0.0740898112232524,0
747,-0.09091980762080659,0.02005353765908406,1
748,0.09878316877948361,0.1308472347247964,1
749,0.009188329530291552,0.14297464619714087,1
750,-0.37080712468219235,-0.10674437816897417,1
751,-0.09636095144670243,-0.18818298140214842,1
752,-0.24294572715373358,0.007915582873957995,1
753,-0.4165313141128719,-0.012589450870997868,1
754,-0.23804836897206674,0.0004659324431812547,1
755,-0.23100397147879573,0.05595901680780499,1
756,-0.02083009436971699,0.05057478889549814,1
757,0.08371150015214276,-0.6966946204745439,0
758,-0.0609467275669254,0.15637764580759728,1
759,-0.28429136400540755,-0.3155448501033131,1
760,-0.037140172644583504,0.08264898847438004,1
761,-0.08574003049634872,0.044444076053080046,1
762,-0.03048901139385366,0.06172695558093049,1
763,-0.4423478123139707,-0.021354888622478748,1
764,0.8472110978492404,0.03889467559487966,0
765,-0.26187033472971366,0.11567588044692255,1
766,-0.1336496371473602,-0.45121703451037154,1
767,-0.5399572033378217,-0.1415508600983342,1
768,-0.3542965157274532,-0.5875325924724669,1
769,-0.06904267431998087,0.22523427137453758,1
770,0.04612882546982002,0.31061431511187865,1
771,0.4357699564394862,-0.02723247806193454,0
772,0.23662114314140195,0.3884708954983035,1
773,-0.31413070982916097,-0.014748376493174054,1
774,0.2848298466323394,0.03482090958025006,0
775,-0.4903582380167085,-0.4890896860256629,1
776,0.1392219565033114,0.38544078649988683,1
777,-0.37538702836247195,-0.029743917714485146,1
778,-0.3539805064308433,-0.10167320829239797,1
779,-0.3529919863662498,0.06396118544934536,1
780,-0.7058663349568769,-0.28114442566657416,1
781,-0.4912475183726546,-0.24322611995179613,1
782,0.3348069443230317,0.560802156746442,0
783,-0.028720099056234696,0.22795698900924316,1
784,-0.6896178532260013,-0.4771929694666622,1
785,-0.36767242611847223,0.026817545108923216,1
786,-0.11771679440662634,0.2379909412917241,1
787,-0.15466668355961646,0.2034218465555309,1
788,-0.3170269317707941,0.38477258205594267,1
789,-0.38680431784854663,-0.24350145854937857,1
790,-0.1073601312665958,-0.06401673113406298,1
791,-0.08202178134221026,0.03199641880412871,1
792,0.16651949367920835,0.31310691248030464,1
793,-0.0026600405181178666,0.08752517928528598,1
794,0.16685210326502306,0.044477543470201865,1
795,-0.08404532423171734,0.03911467575291293,1
796,0.12275670941864622,0.18126901926112246,1
797,-0.32908758014145406,-0.006647390290888009,1
798,-0.10824152696875228,-0.15223406187292776,1
799,0.6614933568584266,-0.18898153510913493,0
800,-0.37756048999318526,-0.39541237199242896,1
801,0.05843956227481253,0.1447056875532907,1
802,-0.026368197008539106,-0.055405231064226505,1
803,0.3653374298385909,0.5700450209151763,0
804,-0.1396011685977626,0.10301584341155673,1
805,-0.002765757902304717,0.017897009635501178,1
806,-0.05937170856809775,0.15333426544307333,1
807,-0.21028301397812924,0.10440341785003122,1
808,0.17147004017853262,0.08346555894360916,1
809,0.07457101164351827,0.00877139380064997,1
810,-0.1637624256445035,0.048013294319841755,1
811,-0.4187747355202624,-0.0423344811905068,1
812,-0.09241927380772301,0.061071003400552486,1
813,0.2396007271095018,0.06671592566039979,0
814,-0.04211354354490361,-0.34892910638103675,1
815,-0.11309713693244602,0.2218031350656682,1
816,0.4223156108229163,-0.40982828875853533,0
817,0.011302626351502988,0.11269463897583508,1
818,-0.4539116922137805,-0.19920280992115041,1
819,-0.31856184327704273,-0.22534817985079283,1
820,-0.23789797898946569,-0.06032359497857502,1
821,-0.13050124794881346,0.20887429908978308,1
822,-0.4149706086888544,0.07830048218797733,1
823,-0.32910404703162716,0.0749680618058549,1
824,-0.2028620425780036,-0.23027004161785258,1
825,-0.1409109688862257,-0.07131906207870602,1
826,-0.4469019110848068,-0.04087165849730683,1
827,-0.3219099340950714,0.07356462878443136,1
828,-0.2760145767512877,0.15771698032112977,1
829,-0.04810379900701365,-0.1217743389885786,1
830,-0.14232388919828556,0.2821089215899398,1
831,-0.20846968863171633,0.1293263872195185,1
832,-0.14129572945680738,0.2895407627305773,1
833,-0.2342891183131739,-0.30512819811182335,1
834,0.07580651268254963,0.011166238720979991,1
835,0.05856578732832482,-0.08795356647267599,1
836,0.2180699750337727,0.11225055492989125,0
837,-0.28950175709316006,0.033954859649048874,1
838,-0.252834662659696,0.13860661273617522,1
839,-0.2792983379035448,0.028274556894041274,1
840,-0.06338944481991896,0.15052705279244633,1
841,0.4727039941245498,-0.05235569055636566,0
842,-0.5912433781469406,-0.09584579706726504,1
843,-0.04360414554502245,0.19761519527380905,1
844,0.7899093418323276,-0.6115963707874414,0
845,0.11605415973837012,0.4397806708051874,1
846,0.05614035383261759,0.3002436500340798,1
847,-0.260248750554144,-0.1665560671551435,1
848,-0.25309756142135376,0.17877646221279347,1
849,0.14334600555667676,0.5892335185924151,1
850,-0.20290933967850883,0.065859683926475,1
851,0.025913579254586285,0.1361545829250657,1
852,-0.05065714609204432,-0.29830131354939565,1
853,-0.11204678353367342,0.27749616297888996,1
854,-0.0936702841698448,0.0770931246136727,1
855,-0.38375847290538373,-0.04269805563762138,1
856,0.0719036838676926,0.059275066056317285,1
857,0.07898062171819888,0.1686255792945228,1
858,-0.06307408119150908,-0.46499567933300895,1
859,-0.3666500268069951,-0.026860285936231958,1
860,0.4025486078679477,0.3623571683611633,0
861,-0.21660224433568548,-0.3148671060920491,1
862,-0.5883244780409752,-0.5950607493914964,1
863,-0.16567234687839733,-0.043596798439717296,1
864,0.5010190384483808,0.27536853680296935,0
865,-0.22632007817648633,-0.015258050300243858,1
866,-0.31957068372868536,0.1810016161344796,1
867,-0.3333893927348125,-0.21381823527718166,1
868,-0.19557436856151986,-0.10385984278757718,1
869,-0.20495521514454415,0.07684590785491761,1
870,0.03454558022383476,0.32361143928704916,1
871,0.09480202231787842,0.36746232149600633,1
872,-0.29015420153516736,-0.2384677243574467,1
873,-0.0839500787501683,-0.10149012729051429,1
874,-0.29130552325273906,-0.2723198592459354,1
875,-0.06144552813354593,0.12221832179444814,1
876,0.10974513081709324,0.10172289940179434,1
877,-0.3088603986206153,0.057793483967692134,1
878,-0.056199879966786,0.2564203668418376,1
879,-0.12756030586887102,-0.12938402215904043,1
880,-0.2613700020636219,-0.13402529405733057,1
881,0.13350124039590244,0.07815043205343002,1
882,-0.5427834265080854,-0.3165832948148499,1
883,-0.16608618523117938,0.15442868002116097,1
884,-0.11909325246572995,-0.05153730556737631,1
885,-0.0015028521777441693,-0.47297676979276704,1
886,0.12629550098177666,0.10736468944233322,1
887,-0.285929484891966,-0.1898287691383787,1
888,-0.13161726610248,0.48618641926744727,1
889,0.5581267504590054,0.14835417846812407,0
890,-0.49183775276100655,-0.3033285293298869,1
891,-0.04055653978513035,-0.19123490610929306,1
892,-0.6713766491912703,-0.7162323243141391,1
893,-0.500362352993899,-0.26658613907299655,1
894,0.09994520464489849,-0.2967225148909222,0
895,0.15228204199864945,-0.3622784877728249,0
896,-0.1726820932713604,-0.026680007707626307,1
897,-0.08338934989055814,0.29234717263180193,1
898,0.5065499218607773,-0.354512285131602,0
899,0.08651576337272027,0.03820971923293044,1
900,0.5508042792103444,-0.19902535992705978,0
901,-0.2681470516754521,0.13916949630397382,1
902,0.08251474771096834,0.5208038750868939,1
903,-0.012546244656176733,0.23534256636414483,1
904,-0.08104375185267423,0.39861032496760274,1
905,-0.44018362085840085,-0.20866462306157443,1
906,0.2544909944313951,-0.0754051604853054,0
907,-0.07569159917421871,-0.400653129069008,1
908,-0.3133602415444986,-0.21286103952033145,1
909,-0.13103135740066843,0.2450834277639022,1
910,-0.17088045840810473,0.22495404546954503,1
911,-0.13926099145270648,0.20697893917473995,1
912,-0.05834406877984951,0.3275456614993642,1
913,-0.27490576484837076,-0.05777768110955048,1
914,-0.06477192801891558,0.173871593553851,1
915,-0.14640487066533472,0.16634481374377777,1
916,-0.11689868455336092,0.048131686452569135,1
917,-0.3035033096171707,-0.184126843393075,1
918,0.3227682285656272,0.47692183524164916,1
919,0.5348654870590901,-0.3815093380371506,0
920,0.43658749264946617,-0.016976874107764585,0
921,-0.32419687789569146,0.07686789635856685,1
922,-0.47595476006112125,0.08920925003367046,1
923,0.135332272394073,0.049946795840900206,1
924,-0.2589002824877956,0.3249282752561782,1
925,0.20245364297511212,-0.05526389215083997,0
926,-0.3756573457030809,0.141726801679124,1
927,0.028616854184328598,0.2989496182584421,1
928,-0.052373784667019745,-0.023300120109233498,1
929,0.16769637399798432,0.3282702133847636,1
930,-0.362302866149996,-0.3975894170110557,1
931,-0.3079628216484984,0.08523219320993634,1
932,0.41328579668508075,0.03882201777883665,0
933,0.02987274777023116,0.04616456585490565,1
934,-0.25346786601687316,0.1379213938039241,1
935,-0.26117891776154406,0.16653901241722,1
936,0.1944502141520383,0.3550252329153178,1
937,0.09645411504950974,-0.4880952073194242,0
938,-0.2686727286122432,0.16823323265139029,1
939,-0.1463541636142028,0.2077865890005181,1
940,-0.28197164487161624,0.15962301325537434,1
941,-0.2283898260174202,-0.0704962909979036,1
942,-0.005559276525552018,0.4966275478788257,1
943,0.026348362539604354,-0.1608093239500724,1
944,-0.07785508169014993,-0.1232368774966694,1
945,-0.10439650244902984,0.0452997926627228,1
946,-0.06276987875809546,0.05372641554103714,1
947,-0.10230998832361386,0.15777140129260708,1
948,-0.3314626864828753,-0.04237047183932317,1
949,-0.012228064623496444,0.036118110033954404,1
950,-0.34053112133680163,-0.028458343209035248,1
951,-0.29458073495874354,0.09331030321563909,1
952,-0.2659490659962839,0.2179846284916319,1
953,-0.2416446480842033,-0.12535221391031115,1
954,-0.3580770717935854,-0.23291406601388487,1
955,0.37333234591003805,-0.12891153684577397,0
956,-0.21272670986126002,-0.1077594122262215,1
957,0.062394077387907664,0.3122788803475615,1
958,-0.2034512394865409,-0.035880071501946116,1
959,0.6772567971779295,-0.05735961179696812,0
960,-0.24967453185804772,0.11912566333956318,1
961,-0.3966422682494246,-0.23060006062199082,1
962,0.4139219307742074,0.35013845430921264,0
963,0.13802182154808715,0.5913724189423958,1
964,-0.12961971022873725,0.374712752133249,1
965,-0.14547752587621565,0.24918326480147995,1
966,-0.4711645386621143,-0.20843095070902615,1
967,-0.012800696516213055,0.0030194112454709526,1
968,-0.30012974524970154,-0.219690445969449,1
969,-0.3665624338066958,0.011199375099470358,1
970,0.13709063184651496,0.3691452955245354,1
971,-0.15439420809430826,0.14062072315579668,1
972,-0.003595189753521719,0.04926823843678318,1
973,-0.6926496393326769,-0.41709530600153827,1
974,0.05787064919227874,0.34554150063397104,1
975,-0.011967650043656122,0.08175611317166008,1
976,0.2522138827877155,0.1033532601846996,0
977,-0.10940651236939117,0.0784282436112458,1
978,-0.1326012579494134,0.17927764757018258,1
979,-0.12481977347782884,0.012623957560719021,1
980,-0.513312603720802,-0.21972547774313217,1
981,1.791108557902672,-0.8505089769226877,0
982,-0.10000919540475181,0.1501044220885796,1
983,-0.3370174063059973,-0.14638559112973246,1
984,0.18205253482849895,0.018710895410486497,0
985,-0.38546419936382,-0.07557008300408759,1
986,-0.07770398917023104,-0.37329356666461294,1
987,-0.23410171892842613,-0.19170283503992658,1
988,0.5263590697798928,-0.6658298928610497,0
989,-0.17412138045774636,0.125482905467294,1
990,-0.4358279211086078,0.06392863394156265,1
991,0.24446171798367466,-0.3188134572879077,0
992,0.12398585654030582,-0.22281400247643215,0
993,-0.713603081250608,-0.5211731013593724,1
994,-0.2721282441990856,-0.126271078878959,1
995,-0.16355414923056433,0.08025272664822582,1
996,0.3314315590664726,0.0766723537080458,0
997,-0.31522050774036187,0.1749419880698044,1
998,0.6529918605651641,-0.20864773175878967,0
999,-0.027577675833308626,-0.40661099727196665,1
1000,0.47116449020917145,-0.6235677701819682,0
1001,-0.3403747998735263,-0.16104480388678477,1
1002,-0.1522379820690521,-0.2032278494622131,1
1003,0.5613797185446362,-0.47329097588434604,0
1004,-0.19528326501645105,-0.0038293741993296873,1
1005,-0.004537952820940043,-0.24943643348347702,1
1006,-0.2645619648712784,-0.08151186637877357,1
1007,-0.040190304304956584,-0.05884954414573692,1
1008,-0.5948073968810156,-0.38908824124102,1
1009,-0.34481453587791333,-0.29555818756172914,1
1010,-0.34997418790620055,0.08908051411220733,1
1011,0.08247273446195104,0.2646663649646992,1
1012,0.6281831292887101,0.021262503400003834,0
1013,-0.25663139200609675,-0.11874619228847,1
1014,-0.05034973858094376,-0.17059488600136968,1
1015,0.07524184538858701,-0.34905886882525067,0
1016,-0.1590334274627835,-0.16951875222165821,1
1017,0.09002814038881435,0.43421456048952584,1
1018,0.10926055823240224,-0.3090964858864035,0
1019,-0.12420909811531006,-0.19345671352627178,1
1020,-0.12426987165370032,-0.3894187253789143,1
1021,0.3755650490057367,-0.12224398185331668,0
1022,-0.26560905071940916,-0.28493861801475084,1
1023,0.012511324506465383,0.025297944143876133,1
1024,-0.159995390579923,-0.3236679899811519,1
1025,-0.17208707005970514,-0.2398578790468456,1
1026,-0.3218134652706913,-0.32714213025576494,1
1027,-0.3731023838622238,-0.36720600083867166,1
1028,0.3418608179122751,0.15651517715473118,0
1029,0.16527008866323206,0.18493086910418607,1
1030,0.13755253200706025,0.22196111413303246,1
1031,0.09221690620607642,-0.0415268743421443,1
1032,0.006341442867289587,-0.23618708761992468,1
1033,-0.4494342798978669,-0.5282794354809408,1
1034,-0.17004109419628555,0.08814915445921445,1
1035,0.5930918560258611,0.15238047941012586,0
1036,-0.12417153362039945,-0.48373748508286823,1
1037,0.2077151005630845,-0.07026474560468896,0
1038,0.11249490056459592,0.13515183278226753,1
1039,-0.3010710995820867,-0.30975748991207547,1
1040,-0.08217788827525171,-0.29236114651422923,1
1041,-0.09631479394862291,0.007468170229317823,1
1042,0.025371072893973105,0.0192665999523131,1
1043,-0.22391194640817363,0.06294510496127084,1
1044,0.09665619181723277,0.17990224187105963,1
1045,0.24216156648345885,-0.49200557522287264,0
1046,-0.17693447198899262,0.04798262201821459,1
1047,-0.24204760654235274,-0.08074868140171589,1
1048,-0.10839068063150588,-0.4561468932217315,1
1049,-0.07240173212491602,-0.41044332804157485,1
1050,-0.4043520729932404,0.10795351803327938,1
1051,0.1018125897890025,0.21836839367145358,1
1052,-0.07658936409234508,0.01905576173184612,1
1053,0.24644642269415137,0.04170825299262492,0
1054,-0.5938763854256655,-0.614907369895388,1
1055,0.07763079281264716,-0.45455111767901096,0
1056,0.02546702094093792,0.1220764829153541,1
1057,0.0890360677314825,-0.021425841358571934,1
1058,-0.1475031451903725,-0.16445647844781067,1
1059,-0.11692469936596979,0.03553666138754998,1
1060,-0.17447739066820808,0.018719537093084385,1
1061,-0.06002356948255888,-0.023897894976259642,1
1062,-0.2251934893216507,0.023992768558779624,1
1063,-0.011976319964599198,-0.2447037476988649,1
1064,0.4067585168677079,-0.4264532588871211,0
1065,0.8899920412925136,-0.43762092335014313,0
1066,-0.13803708449036656,-0.007648080528175378,1
1067,-0.07761308530426636,0.1952445798445073,1
1068,0.18146704998598037,0.41835615101542845,1
1069,-0.36604409146145617,-0.5034043725344537,1
1070,-0.15493360104074722,-0.7508590063548078,1
1071,-0.154584806311659,-0.5126169546994972,1
1072,-0.21563957197324513,-0.09515810426678753,1
1073,0.1510450298474501,-0.11806470825846974,0
1074,0.3239527056341622,-0.2518098897882699,0
1075,0.3822253589314,0.15886280990821447,0
1076,0.04728327617397585,-0.22589480713965218,1
1077,-0.1836683707373104,0.2594763355203825,1
1078,-0.39592586740331126,-0.13177096074152977,1
1079,-0.4311515379370678,-0.08462059759594039,1
1080,0.4380824219244738,-0.7332138115270863,0
1081,0.12132009533558603,0.24471169277222374,1
1082,0.08085473772293013,-0.24725241607550277,1
1083,-0.5670463941005985,-0.3305682021270076,1
1084,0.0952704582930887,-0.20466310413301267,1
1085,0.01685973684225759,0.13575052150822417,1
1086,0.023941013690334922,0.374661492512366,1
1087,0.29029187847913174,0.26383407192059233,0
1088,-0.3039700356298135,-0.40398486352757224,1
1089,-0.26109692143671853,-0.0051165307567465936,1
1090,-0.0827713638676981,-0.30815843822918176,1
1091,-0.3144448328996184,-0.12897434638076924,1
1092,0.27731202190818255,0.005880125367653196,0
1093,0.21097590712551392,-0.31216130968074546,0
1094,0.7395812476995366,-0.25685811910527445,0
1095,-0.015155145561255027,0.039341456525239266,1
1096,-0.15762587582120952,-0.0020550554865140245,1
1097,0.16453627658191247,0.37584802420892865,1
1098,0.17151358807247155,0.06440853873272467,1
1099,-0.24079458738231987,-0.1464471669552484,1
1100,-0.00033759673851155737,-0.27664167802146167,1
1101,0.06964178446144997,-0.10378130923464508,1
1102,-0.005564585001090935,0.08757000725013711,1
1103,0.28356392576679196,-0.4055101844679315,0
1104,-0.08640867451873988,-0.4946646748763807,1
1105,0.7098021623212771,-0.3634154610559533,0
1106,0.47922074041048046,0.15006077009050825,0
1107,0.21953692438607192,0.20400098918281856,1
1108,-0.21368808496107478,-0.13475509767516203,1
1109,0.30222965988197864,-0.046981595869234345,0
1110,-0.17713567857848317,0.07164008295801344,1
1111,-0.34555383937251866,-0.4244099073774491,1
1112,-0.176090516079339,0.0903369475635026,1
1113,0.33463376384083793,-0.025305750974978773,0
1114,-0.3620328916386978,-0.0652031312371071,1
